{
  "ARB": {
    "name": "ARB",
    "usdcAddress": "0xaf88d065e77c8cc2239327c5edb3a432268e5831",
    "usdcTokenId": "c87ffcb4-e2cf-5e67-84c6-388c965d2a66",
    "isTestnet": false
  },
  "ARB-SEPOLIA": {
    "name": "ARB-SEPOLIA",
    "usdcAddress": "0x75faf114eafb1bdbe2f0316df893fd58ce46aa4d",
    "usdcTokenId": "4b8daacc-5f47-5909-a3ba-30d171ebad98",
    "isTestnet": true
  },
  "MATIC": {
    "name": "MATIC",
    "usdcAddress": "0x3c499c542cef5e3811e1192ce70d8cc03d5c3359",
    "usdcTokenId": "db6905b9-8bcd-5537-8b08-f5548bdf7925",
    "isTestnet": false
  },
  "MATIC-AMOY": {
    "name": "MATIC-AMOY",
    "usdcAddress": "0x41e94eb019c0762f9bfcf9fb1e58725bfb0e7582",
    "usdcTokenId": "36b6931a-873a-56a8-8a27-b706b17104ee",
    "isTestnet": true
  },
  "AVAX": {
    "name": "AVAX",
    "usdcAddress": "0xb97ef9ef8734c71904d8002f8b6bc66dd9c48a6e",
    "usdcTokenId": "7efdfdbf-1799-5089-a588-31beb97ba755",
    "isTestnet": false
  },
  "AVAX-FUJI": {
    "name": "AVAX-FUJI",
    "usdcAddress": "0x5425890298aed601595a70ab815c96711a31bc65",
    "usdcTokenId": "ff47a560-9795-5b7c-adfc-8f47dad9e06a",
    "isTestnet": true
  },
  "SOL": {
    "name": "SOL",
    "usdcAddress": "EPjFWdd5AufqSSqeM2qN1xzybapC8G4wEGGkZwyTDt1v",
    "usdcTokenId": "33ca4ef6-2500-5d79-82bf-e3036139cc29",
    "isTestnet": false
  },
  "SOL-DEVNET": {
    "name": "SOL-DEVNET",
    "usdcAddress": "4zMMC9srt5Ri5X14GAgXhaHii3GnPAEERYPJgZJDncDU",
    "usdcTokenId": "8fb3cadb-0ef4-573d-8fcd-e194f961c728",
    "isTestnet": true
  },
  "ETH": {
    "name": "ETH",
    "usdcAddress": "0xa0b86991c6218b36c1d19d4a2e9eb0ce3606eb48",
    "usdcTokenId": "b037d751-fb22-5f0d-bae6-47373e7ae3e3",
    "isTestnet": false
  },
  "ETH-SEPOLIA": {
    "name": "ETH-SEPOLIA",
    "usdcAddress": "0x1c7d4b196cb0c7b01d743fbc6116a902379c7238",
    "usdcTokenId": "5797fbd6-3795-519d-84ca-ec4c5f80c3b1",
    "isTestnet": true
  }
}
